topic_id,topic_name
0,加法运算
1,基本数据类型
2,基本运算符
3,基本输入输出
4,对象的实例化
5,面向对象类
6,面向对象接口
7,while语句
8,控制语句
9,继承与多态
10,Java读文件
11,K-means
12,123
13,verilog
14,全加器
15,计算机中软件的基本概念
16,计算机的系统结构以及组成
17,计算机中的存储单位以及它们的转化
18,计算机中进制数的转化
19,计算机中常用输入、输出设备
20,计算机发展史
21,字符编码
22,"文件""删除""的快捷键"
23,汉字编码
24,多任务操作系统
25,Windows文件夹组织结构
26,8位加法器
27,C/C++输入输出
28,C格式化输入输出
29,C++格式化输入输出
30,Hello World
31,Java基本输入输出
32,字符串
33,字符串对比
34,String类
35,认识main函数
36,C输入输出
37,简单判断
38,输出
39,格式输入输出
40,php
41,php条件语句
42,php while循环
43,php for循环
44,PHP字符串基本使用
45,PHP字符串综合运用
46,PHP函数基本使用
47,PHP数组遍历
48,PHP相关函数运用
49,PHP数组排序
50,计算机网络
51,网络拓扑结构
52,文件传输服务
53,电子邮件
54,计算机通信
55,超文本
56,IE浏览器
57,用户接入互联网方式
58,C数据类型
59,C常量使用
60,Python
61,C运算符与表达式
62,junit
63,java
64,3
65,6
66,Java
67,Junit
68,Java测试
69,Junit参数化测试
70,运算符
71,运算符与表达式
72,运算符与表示试
73,网络编程
74,socket
75,数据库的基本操作
76,数据表的增加
77,数据表的删除
78,数据表的修改
79,C分支
80,MySQL视图
81,MySQL查询
82,数据库安全性
83,数据库自定义函数
84,厉害
85,C多重分支
86,PHP MySQL
87,PHP HTML
88,文本类表单内容
89,按钮类表单内容
90,下拉菜单类表单内容
91,表单验证
92,必需字段验证
93,JUnit
94,python初级
95,Python初级
96,C循环
97,C双重循环
98,PHP对象创建
99,PHP对象之构造函数、析构函数
100,PHP对象与数据库操作
101,jfinal入门
102,Model
103,JFinal
104,接口应用
105,C数组
106,多路选择器
107,触发器
108,六进展的计数器
109,Android 小白
110,MATLAB变量及表达式
111,输入输出
112,Android 布局小能手
113,MATLAB矩阵初级
114,MATLAB字符串
115,MATLAB矩阵运算
116,MATLAB数据的导入
117,MATLAB分支语句
118,MATLAB循环语句
119,MATLAB自定义函数
120,Matlab入门介绍
121,Matlab输出
122,创建目录
123,显示目录结构
124,查找指定文件
125,c++
126,for循环
127,while循环
128,递归
129,函数
130,do-while
131,Android 事件新手
132,32位移位器
133,控制语句if else
134,自定义异常
135,C++
136,选择语句
137,for 循环
138,Switch循环
139,Switch语句
140,IRb操作
141,学会打印
142,字符串操作
143,转义字符的运用
144,二叉树中序遍历
145,二叉树链式存储
146,二叉树前序遍历
147,二叉树实现
148,结构函数
149,结构
150,重载
151,类型重载
152,委托
153,委托应用
154,MySQL-创建用户
155,MySQL-删除用户
156,MySQL-添加权限
157,MySQL-收回权限
158,MySQL-备份数据库
159,MySQL-恢复数据库
160,MySQL-错误日志
161,MySQL-慢查询日志
162,MySQL-常规查询日志
163,Python异常处理结构
164,Python异常处理应用
165,多项式计算
166,多项式微积分
167,多项式求根
168,数学统计量计算
169,基本排序
170,符号表达式
171,基本符号运算
172,线性方程组求解
173,直接解法
174,二叉树后序遍历
175,java基础
176,JAVA标识符
177,JAVA变量
178,JAVA数据类型
179,JAVA变量类型
180,服务端基础
181,jsp基础
182,数字图像处理
183,matlab
184,JSP语法
185,默认构造函数
186,构造函数
187,输出参数
188,算术运算符重载
189,运算符重载
190,关系运算符重载
191,if语句
192,vi/vim命令模式删除操作
193,vi/vim命令模式复制粘贴
194,vi/vim模式切换
195,vi/vim编辑文件
196,逻辑运算符与关系运算符
197,除法运算符
198,逻辑运算符
199,条件运算符
200,HDFS文件上传
201,HDFS文件下载
202,HDFS使用字符流读取数据
203,HDFS删除文件
204,自定义数据输入流
205,do...while循环
206,break关键字
207,continue关键字
208,多重循环
209,循环结构
210,if...else
211,循环语句
212,算数运算符
213,判断语句
214,素数
215,运算符优先级顺序
216,二分法
217,泰勒级数
218,字符输出
219,struct
220,C++递归
221,数组定义
222,数组下标
223,数组初始化
224,复合赋值运算符重载
225,赋值运算符重载
226,拷贝赋值运算符重载
227,包装类
228,成员函数
229,C++数组
230,二维数组的鞍点
231,块的应用
232,使用迭代器
233,了解yield
234,until循环
235,pow()函数
236,if-else语句
237,case条件判断语句
238,循环控制语句
239,类的定义
240,实例方法与类方法的区分
241,完成第一个类
242,第一次继承
243,类的构造函数
244,覆盖
245,C++之数组
246,激活对象
247,类的实例方法与实例变量
248,C++之递归
249,二分查找算法
250,选择排序
251,C++函数
252,二维数组
253,strcmp()
254,第一个轮子！
255,模块的使用
256,Mix-in 入门
257,无权无向网络的表示方法
258,有权无向网络与无权有向网络的表示方法
259,高级输入输出
260,格式序列
261,ASCII码
262,文件读写
263,文件流操作
264,目录浏览
265,新增目录
266,切换目录
267,C++之函数
268,scanner
269,打印日志
270,异常处理-重试
271,转译异常
272,第一次最佳实践
273,语法糖
274,setter与getter
275,编程思想
276,冻结对象
277,爆炸方法
278,问号方法
279,千分位
280,栈的基本知识
281,栈的入栈出栈深入理解
282,进制转换
283,栈的基础知识
284,栈元素基本特点
285,网络邻接链表表示方法
286,网络邻接矩阵转换为邻接链表
287,网络邻接链表转换为邻接矩阵
288,Map集合
289,私有变量
290,类的继承
291,简单循环语句
292,接口的继承与实现
293,Java异常处理
294,网络中任意两点的最短路径求解
295,由网络邻接矩阵求初始距离矩阵方法
296,路径与初始距离矩阵的构建
297,结构体
298,网络节点间的可达性判断
299,邻接矩阵转换可达矩阵
300,判断网络连通性
301,析构函数
302,无向网络关联矩阵与邻接链表转换关系
303,有向网络的关联矩阵表示方法
304,异常处理
305,无向图的邻接矩阵转关联矩阵
306,无向图的关联矩阵转邻接矩阵
307,无向图的关联矩阵与邻接矩阵的相互转换
308,有向图的邻接矩阵转关联矩阵
309,有向图的关联矩阵转邻接矩阵
310,有向图的关联矩阵与邻接矩阵的相互转换
311,链表排序
312,链表删除
313,链表创建
314,单链表翻转
315,双向链表
316,树之初认识
317,根节点的n阶邻居求解方法
318,C++链表
319,C
320,先序遍历
321,二叉树创建
322,中序遍历
323,二叉树深度
324,二叉树节点
325,二叉树叶子节点
326,二叉树左右子树交换
327,前序遍历
328,递归方法
329,递归转非递归实现
330,栈
331,后序遍历
332,层次遍历
333,队列
334,无向网络中环的判定
335,无向网络的权值矩阵
336,三元组存储
337,最小生成树求解
338,三元组升序排列
339,static关键字
340,static代码块
341,构造方法
342,方法重载
343,友元函数
344,二部网络初认识
345,二部网络邻接矩阵转邻接链表
346,二分网络判定
347,一维数组
348,线性变换
349,网络节点度
350,基于节点收缩的连通分量算法
351,节点收缩
352,半加器
353,7段数码显示译码器
354,矩阵幂运算
355,连通片数目求解
356,连通片尺寸求解
357,快速排序
358,数组
359,堆
360,堆排序
361,排序
362,算法
363,插入排序
364,归并排序
365,红酒分类
366,二分网络匹配
367,二分网络匹配的判定
368,循环
369,二分网络完全匹配判定
370,24位彩色BMP图像的读 
371,8位BMP图像的写
372,24位BMP图像的写
373,二维离散傅立叶变换
374,机器学习
375,switch语句
376,单层循环
377,双层循环
378,字符数组
379,算术运算符进阶
380,邻域平均法
381,中值滤波法（3*3）
382,中值滤波法（5*5）
383,图像反色
384,Roberts梯度算子
385,Sobel梯度算子
386,Prewitt梯度算子
387,Laplacian梯度算子
388,理想_低通滤波
389,巴特沃斯低通滤波
390,高斯低通滤波
391,1位BMP图像的写
392,理想_高通滤波
393,巴特沃斯高通滤波
394,高斯高通滤波
395,伪彩色增强
396,假彩色增强
397,全局阈值分割
398,局部阈值分割
399,频谱图的游程编码
400,频谱图的游程解码
401,直方图均衡化
402,队列基本操作
403,循环队列
404,链队列
405,排序算法
406,快递排序
407,桶排序
408,基数排序
409,二叉排序树
410,创建二叉排序树
411,test
412,分支
413,序列检测器
414,冒泡排序
415,非成员函数动态绑定
416,接口
417,接口继承
418,虚函数
419,纯虚函数
420,动态绑定
421,有权有向网络的表示方法
422,希尔排序
423,计数排序
424,MVC架构
425,Rails Console的使用
426,第一个应用
427,Bundler
428,移动小白
429,我点我点我点点
430,android 文件操作小白
431,Android 通信小白
432,Android 广播小白
433,Android Socket 新手
434,Android 文件入门
435,Android 初级
436,Android Intent小白
437,Android UI 初级设计师
438,Android ListView 小白
439,Android ListView 新秀
440,Android 文件存储新手
441,Android SH小白
442,Android Hello World
443,结构体重载
444,矩形操作
445,数列排序
446,数据规模分析
447,三个数比较
448,运算分析
449,程序三步曲
450,数据读取
451,结果输出
452,ZooKeeper之CLI初体验
453,ZooKeeper服务器基础
454,ZooKeeper配置
455,数据库连接与配置
456,通过数据库语句实现增删查改
457,数据验证
458,数据关联
459,Rails 继承关系
460,数据模型
461,MVC架构精解
462,修改视图文件
463,使用generate生成静态页面
464,局部视图
465,具名路由
466,Asset Pipeline
467,测试驱动开发
468,Helper方法
469,嵌入式Ruby
470,Algorithm
471,Min/Max
472,数据库回滚
473,批量更新
474,批量删除
475,模型设置
476,结构体比较
477,min函数
478,sort
479,重载 operate
480,HDFS
481,有效性测试
482,长度验证
483,格式验证
484,唯一性验证
485,条件验证
486,加密字段
487,密码哈希值验证
488,调试器
489,图像资源使用
490,调试信息
491,构建表单
492,构建表单元素
493,表单数据处理
494,错误消息提示
495,健壮参数
496,节点创建
497,ZooKeeper子节点创建删除
498,ZooKeeper节点状态查看
499,二分查找
500,模板函数
501,序列修改基本操作
502,非修改序列基本操作
503,模板
504,序列合并
505,序列包含
506,集合差集
507,对称差集
508,序列排列
509,C++模板
510,集合并
511,集合交
512,后缀表达式
513,节点事件监听
514,ZooKeeper之quota
515,ACL
516,session写入与读取
517,session的删除
518,分布式环境
519,cookies的读写
520,删除cookies
521,remember token的使用
522,session的创建
523,闪现消息的使用
524,STL
525,Vector
526,动态数组
527,set
528,关联容器
529,map
530,键值对容器
531,分页展示
532,后台管理系统
533,种子数据生成
534,前置过滤器
535,友好转向
536,后置过滤器
537,重构视图代码
538,更新用户
539,表达式转换
540,val()
541,toLowerCase()
542,toUpperCase()
543,mousemove()
544,offset()
545,event.pageX
546,Math.random()
547,Math.floow()
548,IO
549,python
550,turtle
551,前缀表达式
552,Hadoop运行成功！
553,Hadoop读写成功！
554,倒排索引成功！
555,PageRank运行成功！
556,变量作用域
557,变量分类
558,构建方法
559,数组操作
560,哈希操作
561,符号Symbol
562,文件
563,捕获处理异常
564,文件处理
565,Mix-in扩展功能
566,多重继承
567,模块封装
568,抛出第一个异常
569,捕获异常并输出
570,Active Record 回调
571,Ruby 元编程
572,发送电子邮件
573, 
574,第一步
575,邮件程序实践
576,邮件预览
577,邮件系统配置
578,高级数据关联
579,默认作用域
580,实现微博动态流原型
581,完成图像上传功能
582,完成图像验证
583,调整图像尺寸
584,数值计算
585,二分答案
586,辛普森积分
587,数值分析
588,三分答案
589,条件语句
590,多对多关系的建立
591,添加成员路由
592,通过Ajax实现提交
593,子查询的实现
594,static属性和方法
595,Echarts
596,scanf输入数据
597,基本输入输出函数的使用
598,字符输入输出
599,海伦公式;sqrt函数
600,宏常量
601,数学期望
602,连续概率
603,离散概率
604,选择结构入门级
605,switch
606,if 级联
607,使用gem包
608,生成随机字符串
609,使用 Session 保存验证码
610,利用 mini_magick 生成图片
611,使用 Session 校验验证码
612,queue
613,数据表的基本操作
614,数论
615,九九乘法表
616,嵌套循环
617,打印图形
618,HBase添加数据
619,HBase删除数据
620,HBase删除表
621,HBase数据库的安装
622,servlet
623,扩展欧几里得算法
624,模算术
625,AOF重写
626,选择合适的持久化方法
627,复制的配置
628,主从链
629,乐观复制的概念
630,从数据库持久化
631,jdbc
632,单元测试
633,方法规则
634,OOP
635,RDB持久化
636,AOF持久化
637,欧几里得算法
638,欧拉函数
639,模逆元
640,达人
641,Tensor运算
642,数据流
643,文件类表单内容
644,组合数学
645,排列问题
646,计数方法
647,MongoDB数据库
648,组合问题
649,计数 方法
650,二项式展开
651,杨辉三角
652,矩阵运算
653,矩阵生成
654,广播机制
655,数据广播
656,约数计数
657,三角形计数
658,批量GET数据
659,批量删除数据
660,批量操作
661,矩阵
662,矩阵加减运算
663,矩阵系数乘法运算
664,矩阵乘法
665,矩阵的转置
666,平方根
667,Keras框架应用
668,keras模型训练
669,MongoDB
670,sql 数据插入
671,SQL
672,数据更新
673,指针数组应用
674,行指针和列指针应用
675,行指针应用
676,指针达人
677,字符指针变量作为函数参数
678,StringBuffer
679,PHP MySQL HTML
680,结构体类型定义与应用
681,动态规划
682,最长非降子序列
683,贪心算法
684,删除数字
685,整除数
686,回溯法
687,行列式
688,逆矩阵
689,大数运算
690,算法分析
691,初等变换
692,结构体；动态数组
693,结构体排序
694,运算符与比表达式
695,选择
696,二叉树
697,最小公倍数
698,最大公约数
699,素数判断
700,欧拉筛法
701,文件读写操作
702,内置函数sorted
703,计算机模拟计算
704,Scala
705,正则匹配
706,邮箱地址和URL验证
707,Python异常类定义
708,Python异常处理基本知识
709,字段相容
710,5
711,TensorFlow矩阵的生成
712,TensorFlow形状
713,TensorFlow生成带指定初值的矩阵
714,TensorFlow常见的矩阵运算
715,TensorFlow变量定义
716,TensorFlow基础理解
717,TensorFlow张量运算
718,TensorFlow：维度增加
719,TensorFlow维度减少
720,TensorFlow：比较张量
721,TensorFlow：重新排列张量
722,TensorFlow: Stack方法
723,筛选qq号
724,初级正则
725,模块导入
726,reshape数据
727,astype转换数据类型
728,加载训练集和测试集
729,数据归一化
730,one-hot编码
731,获取TensorFlow计算图
732,TensorFlow：enqueue
733,TensorFlow:FIFOQueue
734,TensorFlow:dequeue
735,HDFS文件读写
736,中级正则
737,折半查找
738,Spark编程
739,Scala编程
740,RDD编程
741,对象的使用
742,对象的创建
743,对象成员的访问
744,对象的赋值
745,类的封装
746,this关键字
747,this调用构造方法
748,if分支语句
749,运算符优先级
750,条件判断语句
751,Hbase
752,Hadoop
753,索引的作用
754,索引更新方法
755,事务操作
756,事务隔离性
757,事务的持久化
758,汇编
759,生成回归数据
760,生成带有噪音的数据
761,整数除法与实数除法
762,字符的ASCII值
763,C语言算术表达式
764,机器学习数据生成
765,使用真实数据集
766,循环指令
767,条件指令
768,跳转指令
769,算术运算
770,c3p0
771,C# Hello World
772,VS使用方法
773,简单类型
774,浮点数
775,值类型
776,类型定义和赋值
777,输入语句
778,输出语句
779,简单类型赋值
780,简单类型定义
781,命名规则
782,驼峰命名法
783,C#转义字符
784,Unicode值
785,赋值运算符
786,类型转换
787,隐式转换
788,显式转换
789,枚举声明
790,枚举类型调用
791,结构类型
792,关键字struct
793,多维数组
794,string常用函数
795,布尔逻辑
796,比较运算符
797,移位运算符
798,goto语句
799,goto标签语句
800,else if语句
801,switch...case语句
802,常量
803,三元运算符
804,汇编执行过程
805,do...whie循环
806,冒泡排序do循环实现
807,for循环冒泡排序实现
808,foreach循环
809,foreach计数器
810,break语句
811,return语句
812,void关键字
813,迭代
814,局部变量
815,全局变量
816,引用参数
817,值参数
818,try...catch
819,try...catch...finally
820,throw
821,catch和throw混合运用
822,表空间用途
823,创建表空间
824,删除表空间
825,随机森林
826,springboot
827,echarts
828,ajax
829,Bagging
830,mybatis
831,分类器模型可视化
832,网格坐标矩阵
833,静态变量
834,swtich多分支
835,一元二次方程的根
836,将数据集可视化
837,绘制高维数据
838,绘制子图
839,Python绘图
840,数据生成
841,JDBC和JDBC驱动
842,入门
843,稀疏矩阵
844,三元组顺序表存储
845,按列序转置
846,快速转置
847,算符运算符和优先级的混合运算
848,数据去重
849,英文字母大小写的转换
850,求两个整数的最大值
851,求三个整数的最大值
852,判断一个数是不是水仙花数
853,4
854,求1到100间整数的和
855,输出任意一个数的逆序数
856,求所有水仙花数的和
857,求解出n以内所有能被5整除的正整数的乘积
858,处理数据空值
859,K 近邻算法
860,K 近邻算法分类
861,K 近邻算法进行回归
862,机器学习参数调优
863,自虐狂
864,超级自虐狂
865,斐波那契数列
866,数据挖掘
867,Numpy
868,水仙花
869,两个整数的和、差、积和商
870,计算存款
871,24小时制和12小时制之间的转换
872,成绩等级转换
873,闰年判断
874,四位数的各个数位上的数字
875,三位数的逆序数
876,多重循环-寻找完数
877,九九乘法口诀
878,多重循环-求n以内所有素数的和
879,多重循环-求阶乘之和
880,训练集与测试集
881,欠拟合与过拟合
882,偏差与方差
883,验证集与交叉验证
884,RandomForestClassifier
885,回归评估指标
886,自助法
887,交叉验证
888,熟练
889,编译老鸟
890,卷积神经网络
891,Keras
892,训练模型
893,保存模型
894,kafka
895,神经网络基本概念
896,for循环使用
897,LSTM搭建
898,CNN搭建
899,数据集加载与预处理
900,打印图案
901,条件概率
902,贝叶斯公式
903,全概率公式
904,Keras optimizer
905,NAG
906,Adam
907,套索回归模型
908,岭回归模型
909,弹性网模型
910,回归模型评价
911,泰勒级数e
912,CTC
913,构造方法定义
914,构造方法重载
915,线性回归模型
916,静态代码块
917,猴子摘桃
918,母牛繁殖
919,百马百担
920,字符串查找
921,kNN
922,数据增强
923,keras编程
924,提前终止
925,Dropout
926,TCP服务器开发
927,利用TCP实现一个文件上传下载工具
928,间隔
929,支持向量
930,决策边界
931,最大间隔决策边界
932,对偶问题
933,boosting
934,GRU Keras
935,GRU更新门重置门
936,GRU网络
937,高斯混合分布
938,高斯混合聚类
939,#include包含指令
940,命名空间
941,c++ 标准输入输出流
942,函数定义
943,函数调用
944,函数参数
945,传参方式
946,表达式
947,整型
948,算术运算符
949,浮点型
950,c++ 判断语句
951,动态分配内存　指针函数
952,函数指针数组
953,Scala小达人
954,类定义
955,面向对象
956,public
957,private
958,this
959,this索引器
960,static
961,继承
962,abstract
963,base
964,多态
965,运算符重载表
966,if
967,分支语句
968,C语言
969,多分支
970,数学函数
971,字符数组 循环
972,人工智能的定义
973,信号生成
974,编程
975,混合信号
976,Scala小天才
977,无向网络的关联矩阵表示
978,for语句
979,do...while语句
980,关系运算符
981,逗号运算符
982,位运算符
983,强制类型转换
984,条件表达式
985,设计模式之单例模式-懒汉式
986,设计模式之单例模式-封装懒汉式
987,设计模式之单例模式-饿汉式
988,spark streaming
989,套接字流
990,字符串排序
991,字符串连接
992,删除指定字符
993,F1
994,F2
995,一层楼
996,三层楼
997,二层楼
998,单词统计
999,布尔型数据
1000,浮点数据
1001,整型数据
1002,字符型数据
1003,设计模式之工厂模式-工厂方法
1004,设计模式之工厂模式-抽象工厂
1005,设计模式之工厂模式-简单工厂
1006,蚁群算法
1007,遗传算法
1008,粒子群算法
1009,字符型指针的使用
1010,读取语义分割数据集
1011,方程的根
1012,CUDA
1013,spark机器学习
1014,VOC2012数据标签的处理
1015,数据缩放、翻转和随机裁剪
1016,OpenMP
1017,Cache访问模拟
1018,scala小达人
1019,scala小天才
1020,ReLU
1021,bean
1022,实例化
1023,生命周期
1024,Cache 访问原理
1025,数据加载
1026,OpenCV
1027,c++并行
1028,Shell 工作原理
1029,flink
1030,深度学习
1031,Phoenix
1032,Spark
1033,索引
1034,存储过程
1035,Flink
1036,多线程
1037,缓存
1038,Web代理
1039,高维数组
1040,字符串输入输出
1041,函数声明
1042,数组参数
1043,指针
1044,JDK安装
1045,指针，数组
1046,共用体
1047,枚举类型
1048,链表
1049,Hive
1050,动态内存分配
1051,单向链表
1052,字符串匹配
1053,计算next数组
1054,直接插入排序
1055,散列查找
1056,C++链式栈的实现
1057,顺序存储
1058,线性表
1059,连接存储
1060,C++ 顺序存储的队列
1061,C++ 链式队列的实现
1062,中缀表达式计算
1063,后缀表达式计算
1064,树
1065,构造二叉树
1066,打印二叉树
1067,c语言编程
1068,图
1069,邻接矩阵
1070,宽度优先遍历
1071,深度优先遍历
1072,决策树思想
1073,串行算法复杂度分析
1074,并行实现的正确性
1075,大数场景
1076,并行加速比
1077,并行优化方案
1078,flume
1079,链表合并
1080,属性继承
1081,方法继承
1082,MPI
1083,事务
1084,绿盟杯
1085,常用术语
1086,异常定义
1087,异常抛出
1088,神经网络模型搭建
1089,tensorflow
1090,sql
1091,EDA
1092,ROP攻击
1093,print 简单用法
1094,Python 认知
1095,print 的 end 属性
1096,数据库触发器
1097,数据库储存过程
1098,快捷键
1099,泰坦尼克数据探索
1100,MySQL
1101,动态图与静态图
1102,计算图
1103,会话
1104,矩阵相乘
1105,鸭子类型
1106,DHCP协议
1107,DHCP报文
1108,推理
1109,Horn子句
1110,知识Agent
1111,一阶逻辑
1112,一阶逻辑的推理
1113,经典规划
1114,现实世界的规划与行动
1115,知识表示
1116,数据质量
1117,数据预处理方法
1118,概率
1119,不确定性
1120,独立性
1121,贝叶斯网络
1122,时间概率推理
1123,基础知识
1124,制定简单决策
1125,制定复杂决策
1126,k近邻基础
1127,授权
1128,CSP
1129,聚类基础知识
1130,样例学习
1131,学习中的知识
1132,ICMP协议
1133,ping命令
1134,考试
1135,traceroute命令
1136,强化学习
1137,自然语言处理
1138,ICMP FLOOD攻击
1139,Smurf攻击
1140,数据
1141,学习数据
1142,数据隐私
1143,价格歧视
1144,数据权
1145,大数据立法
1146,数据立法
1147,数据主义
1148,hbase
1149,数据形式
1150,字节编码
1151,数据化
1152,数据重组
1153,数据范式
1154,数据科学
1155,数据理解
1156,数据科学的基本原则
1157,数据获取方式
1158,数据采集类型
1159,结构化数据
1160,减法器
1161,alu
1162,数据修改权
1163,数据建模
1164,线性代数
1165,数据采集原则
1166,正态分布
1167,向量运算
1168,分类器基础
1169,聚类进阶
1170,数据清洗
1171,科比投篮数据预处理
1172,建模
1173,调参
1174,参数验证
1175,预测结果
1176,PDF文件处理
1177,模型优化
1178,集合
1179,笛卡尔乘积
1180,不定参数的函数
1181,numpy
1182,matplotlib
1183,slice
1184,JAVA入门
1185,JAVA关键字
1186,JAVA注释
1187,exec函数
1188,文本操作
1189,多项式拟合
1190,numpy.polyfit
1191,创建对象
1192,spring
1193,Spring 容器
1194,数据解析
1195,生成字典
1196,文件解析
1197,创建嵌套字典
1198,字典使用
1199,列表使用
1200,概念小能手
1201,答题小能手
1202,文件操作
1203,字典映射
1204,绘制数据图表
1205,回归模型的特性
1206, Challenge
1207,集成学习
1208,高手
1209,机器学习基本概念
1210,sparkconf
1211,spark
1212,MLlib
1213,集合并行化创建RDD
1214,Java集合创建RDD
1215,外部文件创建RDD
1216,信息挖掘成功
1217,MapReduce
1218,Httpd服务启动
1219,Httpd服务关闭
1220,DNS服务器配置
1221,vsftpd服务启动
1222,vsftpd服务关闭
1223,源码安装vsftpd
1224,在线安装vsftpd
1225,FTP服务器配置
1226,bind服务启动
1227,bind服务关闭
1228,Linux系统源码安装Httpd
1229,Linux系统在线安装Httpd
1230,Httpd配置
1231,源码安装samba
1232,在线安装samba
1233,samba服务启动
1234,samba服务关闭
1235,samba服务器配置
1236,上传文件
1237,删除文件
1238,Spark算子
1239,温度统计
1240,文件整合成功
1241,合并排序成功
1242,Linux系统源码安装bind
1243,Linux系统在线安装bind
1244,samba客户端使用
1245,概念
1246,基础
1247,智能Agent
1248,Spring
1249,HBase创建表
1250,HBase Shell
1251,伪分布式环境搭建
1252,删除表
1253,批量处理
1254,AOP
1255,获取表的列表
1256,修改表
1257,禁用表
1258,启用表
1259,正则表达式
1260,列族过滤器
1261,值过滤器
1262,列名过滤器
1263,过滤器
1264,SparkCore
1265,spark算子
1266,Spring Boot
1267,SparkStreaming
1268,SparkSQL
1269,queueStream
1270,FileStreaming
1271,socketTextStream
1272,sparkstreaming
1273,sparksql
1274,udf
1275,sparkSQL
1276,hive
1277,HBase
1278,Hive综合
1279,Hive排序
1280,添加文件/目录setuid位
1281,取消文件/目录setuid位
1282,添加文件/目录setgid位
1283,取消文件/目录setgid位
1284,添加目录粘滞位
1285,取消目录粘滞位
1286,文件/目录打包
1287,解压包
1288,bzip2压缩命令
1289,gzip压缩命令
1290,zip压缩命令
1291,Linux-locate命令使用
1292,Linux-updatedb命令使用
1293,Linux-which命令使用
1294,Linux-whereis命令使用
1295,Linux-find命令使用
1296,安装Telnet服务器软件
1297,安装Telnet客户端软件
1298,Telnet服务器启动
1299,Telnet服务器关闭
1300,Telnet远程登录
1301,安装rsh服务器
1302,安装rsh客户端
1303,rsh服务器启动/关闭
1304,rsh远程登录
1305,Linux主机名映射配置
1306,FilterList
1307,HBase Shell命令
1308,扫描
1309,关键字子查询
1310,复合条件连接查询
1311,事务隔离级别
1312,列转行
1313,修改字段名
1314,修改字段数据类型
1315,SQL小能手
1316,数据的插入
1317,数据的删除
1318,字符函数
1319,带 IN 关键字的查询
1320,LIKE关键字的使用
1321,线程同步
1322,遍历
1323,Dijkstra算法
1324,最短路径
1325,广度优先搜索
1326,图遍历
1327,深度优先搜索
1328,JDBC
1329,封装
1330,<h2>
1331,<p>
1332,<a>
1333,<img>
1334,<div>
1335,<input>
1336,"type=""password"""
1337,<label>
1338,<select>
1339,单循环链表添加
1340,单循环链表遍历
1341,循环链表
1342,单循环链表删除
1343,双向循环链表
1344,双向循环链表插入
1345,双向循环链表删除
1346,顺序表删除
1347,顺序表添加
1348,java顺序表
1349,顺序表查询
1350,单链表删除
1351,内部类
1352,单链表插入
1353,单链表查询
1354,Java内部类
1355,顺序栈入栈
1356,Java数组
1357,顺序栈出栈
1358,Java泛型
1359,链式栈出栈
1360,链式栈入栈
1361,<textarea></textarea>
1362,"type=""submit"""
1363,循环队列入队
1364,循环队列出队
1365,链式队列入队
1366,链式队列出队
1367,单链表添加
1368,<table>
1369,width
1370,height
1371,cellpadding
1372,cellspacing
1373,二叉排序树创建
1374,链式存储
1375,rowspan
1376,二叉搜索树删除
1377,二叉搜索树添加
1378,colspan
1379,二叉搜索树查找
1380,方法的使用
1381,CSS
1382,CSS继承
1383,CSS样式引入方式
1384,CSS简介
1385,选择器
1386,常用函数
1387,类与对象
1388,float属性
1389,hover选择器
1390,swiper基本结构
1391,swiper基本功能的实现 
1392,transform属性
1393,transition属性
1394,外阴影
1395,多行省略
1396,圆角的设置
1397,清除浮动的方法
1398,服务器搭建
1399,验证码
1400,校验验证码
1401,Kaptcha
1402,super
1403,方法的重写与重载
1404,邮箱验证
1405,java文件验证
1406,字母反转
1407,Object类
1408,Random类
1409,Date类
1410,Math类
1411,捕获异常
1412,抛出异常
1413,文件查看器
1414,读取文件数据
1415,集合入门
1416,ArrayList的增删改查
1417,泛型
1418,字符串出现位置
1419,线程锁
1420,bolatile
1421,ID3
1422,pytorch
1423,核方法
1424,非线性支持向量机
1425,建表
1426,数据处理
1427,了解DataFrame
1428,数据抽取
1429,复杂模型
1430,估算缺失值
1431,XPath
1432,web爬虫
1433,sklearn
1434,KNeighborsClassifier
1435,KNeighborsRegressor
1436,分析数据
1437,小提琴图
1438,seaborn绘制柱状图
1439,seaborn绘制双特征图
1440,缺失值处理
1441,生还预测
1442,数据采集
1443,lucene创建索引
1444,lucene查询索引
1445,Analyzer分析器
1446,索引库的删除添加和修改
1447,Lucene索引查询
1448,使用QueryParser查询
1449,SpringBoot入门
1450,SpringBoot的搭建
1451,Dom4j
1452,获取对象
1453,Spring获取对象
1454,依赖注入
1455,Bootstrap引入
1456,Bootstrap按钮样式
1457,按钮颜色类
1458,按钮尺寸类
1459,按钮状态类
1460,按钮容器类
1461,按钮组尺寸
1462,下拉菜单
1463,分割线
1464,导航
1465,字体图标
1466,Bootstrap 表格
1467,进度条
1468,布局容器
1469,栅格系统
1470,显示或隐藏内容的工具类
1471,loading效果
1472,dom插入
1473,滚动事件
1474,表单组
1475,注册
1476,登陆接口
1477,使用Pandas获取和查看数据
1478,标准化
1479,非线性转换
1480,归一化
1481,离散值编码
1482,生成多项式特征
1483,HBase存储
1484,大学生计算机基础
1485,简单编译器
1486,sympy数学符号库
1487,limit()求极限
1488,integerate()求积分
1489,JDBC存储字段信息
1490,基础习题（2）
1491,Spark SQL
1492,ffmpeg下载与安装
1493,pydub的安装
1494,查看歌曲信息
1495,音频剪辑
1496,音频拼接
1497,声道编辑
1498,PIL图像替换
1499,PIL裁剪
1500,PIL库基础使用
1501,WebSocket
1502,Kafka
1503,SpringBoot
1504,mysql表信息获取
1505,Phoenix单双引号的区别
1506,Pandas分组聚合运算
1507,创建透视表和交叉表
1508,MSE
1509,MAE
1510,RMSE
1511,R-Squared
1512,剪枝处理
1513,朴素贝叶斯
1514,拉普拉斯平滑
1515,激活函数
1516,smo
1517,支持向量回归
1518,SVR
1519,距离度量
1520,欧氏距离
1521,曼哈顿距离
1522,质心
1523,k-means
1524,sklearn中的k-means
1525,聚类性能评估指标
1526,数据预处理
1527,线性回归
1528,Kafka-HBase
1529,HTTP数据读取
1530,MyBatis操作数据库
1531,存储信息展示
1532,MatplotLib
1533,字典创建
1534,文件创建字典
1535,字符串处理
1536,简化程序
1537,嵌套字典
1538,使用字典
1539,嵌套字典使用
1540,sklearn中的线性回归
1541,数据分析
1542,str.format()
1543,处理数据
1544,Python列表切片
1545,Python列表
1546,Python列表索引
1547,Python列表负索引
1548,Python读取文件
1549,pymysql
1550,Python 字典 索引
1551,电影推荐系统
1552,基于矩阵分解的协同过滤算法
1553,Mysql
1554,检索插入
1555,介绍
1556,MyBatis-注解
1557,MyBatis
1558,列表排序
1559,列表数据计算
1560,列表切片
1561,python递归子文件夹
1562,python获取文件信息
1563,列表增删改
1564,Python数学函数
1565,关系矩阵的布尔乘积
1566,关系数据表的结构
1567,projection运算
1568,join运算
1569,selection运算
1570,Python赋值
1571,可视化
1572,散点
1573,AgglomerativeClustering
1574,AGNES算法
1575,簇间最小距离
1576,簇间最远距离
1577,簇间平均距离
1578,pandas
1579,表达式和算数运算符
1580,Java中运算符的优先级
1581,分支结构
1582,多重if
1583,if判断语句
1584,数组的使用
1585,Java数组平均值和最大值
1586,数组复制
1587,数组查找
1588,交换算法
1589,字符串转换
1590,后发断言
1591,编译
1592,先行断言
1593,python数据库编程之创建数据库
1594,python数据库编程之创建数据表
1595,python数据库编程之插入数据
1596,python数据库编程之查询数据
1597,python数据库编程之修改数据
1598,python数据库编程之删除数据
1599,表达式计算
1600,MyBatis关联查询
1601,数据类型转换
1602,向量的操作
1603,矩阵的操作
1604,数组的操作
1605,数据框的操作
1606,因子的操作
1607,列表的操作
1608,csv文件输入
1609,赋值输入
1610,数据输出
1611,初级算术运算符
1612,关系运算符与逻辑运算符
1613,拷贝构造函数
1614,vector
1615,迭代器
1616,find
1617,创建新变量
1618,变量重编码
1619,hello docker
1620,pull image
1621,stop container
1622,enter container
1623,docker1 complete
1624,docker commit
1625,变量名修改
1626,docker export
1627,缺失值替代法
1628,ENTRYPOINT
1629,缺失值删除
1630,日期值输入
1631,时间型日期
1632,日期与时间的计算
1633,IPython魔法命令
1634,JDBC环境必须组件
1635,时点类函数
1636,lubridate包时点类函数
1637,lubridate包的时点类函数
1638,时段类之interval
1639,时段类函数之duration
1640,时段类之period
1641,向量与矩阵的合并
1642,数据框的合并
1643,线形图
1644,flex
1645,散点图
1646,直方图
1647,向量元素的提取
1648,矩阵的元素提取
1649,数据框的元素提取
1650,向量与矩阵元素删除
1651,多级索引的取值与切片
1652,数据框元素删除
1653,层级索引的数据转换与累计
1654,子图间隔
1655,删除符合条件的数据
1656,不规则子图
1657,子图
1658,多子图
1659,颜色条
1660,Concat与Append
1661,坐标刻度
1662,样式表
1663,合并与连接
1664,合并数据集
1665,helloworld
1666,打印输出图形
1667,基础时间工具
1668,绝对值
1669,pandas时间序列的高级应用
1670,奇数之和
1671,整数被除
1672,使用运算符
1673,四则运算
1674,基本输出
1675,多值输入输出
1676,循环使用
1677,if条件判断
1678,二维数组输入
1679,二维数组操作
1680,字符数组操作
1681,函数操作数组
1682,结构体使用
1683,结构体指针
1684,链表操作
1685,数据交互
1686,三角剖分
1687,三维图
1688,两个数的对调
1689,算术表达式
1690,地图
1691,basemap
1692,数字分离
1693,计算总成绩和平均成绩
1694,输出字符的ASCII码
1695,求三角形面积
1696,广播
1697,z-score
1698,数学运算
1699,简单统计
1700,轴
1701,切片
1702,控制循环语句
1703,stack
1704,hstack
1705,vstack
1706,千位分隔符
1707,加法、乘法运算符
1708,数学计算
1709,两点距离
1710,switch条件语句
1711,分段函数问题
1712,Yes
1713,结构化数组
1714,快递费用计算
1715,条件判断
1716,回文数
1717,if...else语句
1718,分段函数
1719,选择结构-闰年判断
1720,C语言循环语句
1721,计算一元二次方程的根
1722,do while 语句
1723,学生成绩等级换算
1724,最大公约数和最大公倍数
1725,字符串中各类字符数的统计
1726,函数使用
1727,fun函数
1728,指针使用
1729,函数与指针
1730,结构体定义
1731,结构体操作
1732,结构体数组
1733,基础函数
1734,递归函数
1735,求sn=a+aa+aaa+aaaa+......的值
1736,字符串处理函数
1737,C循环-寻找完数
1738,分数求和
1739,指针变量
1740,字符串指针
1741,docker volume
1742,sqrt
1743,--volumes-from
1744,docker inspect
1745,函数指针
1746,if嵌套语句
1747,floor
1748,docker volume rm
1749,查找
1750,整数
1751,二分
1752,鞍点
1753,tar
1754,最大值
1755,文本文件的读写
1756,C语言数组
1757,start container
1758,按数据库读写文件
1759,格式化读写文件
1760,docker save
1761,docker load
1762,指针数组
1763,C语言指针
1764,docker rmi
1765,strlen()函数
1766,字符串的比较
1767,Registry
1768,C语言链表
1769,Dockerfile
1770,FTP上传文件
1771,FTP下载文件
1772,atoi
1773,ASCII
1774,HelloWorld
1775,阶乘
1776,文件读取和写入
1777,strcmp函数
1778,统计文本
1779,外部函数
1780,Ackman函数
1781,字符串函数
1782,报数
1783,strcmp
1784,指针函数
1785,Wookbook
1786,WORKDIR
1787,ARG
1788,数组输入
1789,抓取数据
1790,解析HTML
1791,docker build
1792,选择观测进阶二
1793,ONBUILD
1794,VOLUME
1795,Docker缓存
1796,选择观测进阶一
1797,观测的选择
1798,抓取携程全国城市酒店
1799,数学函数之一
1800,数学函数之二
1801,数学函数之三
1802,清洗数据
1803,平均值与中位数
1804,众数
1805,求和函数
1806,方差与标准差函数
1807,分位数函数
1808,极值类函数
1809,数据抓取
1810,字符长度函数
1811,字符的提取与替换
1812,字符搜索函数
1813,字符替换函数
1814,字符替换函数二
1815,length与lengths
1816,序列生成函数
1817,hadoop
1818,rep 函数
1819,cut函数
1820,cat函数
1821,apply函数
1822,用户-酒店矩阵
1823,矩阵分解
1824,智能推荐
1825,饼图
1826,射击精度
1827,赛季准确性
1828,对象类型绑定
1829,封面上传
1830,MarkDown图片上传
1831,博客评论
1832,符号替换
1833,循环，取余
1834,序列
1835,Fibonacci
1836,基本类型绑定
1837,可视化工具
1838,创建博客
1839,结构体变量
1840,结构体存储数据
1841,反向传播算法
1842,sklearn中的神经网络
1843,Python内置函数
1844,public函数
1845,private函数
1846,词云
1847,包装类转换其他数据类型
1848,自然推理系统
1849,matplotlib库绘图
1850,计算可视化小能手初级
1851,numpy库
1852,matplotlib.pyplot子库
1853,绘图小能手
1854,subplot函数
1855,plot函数
1856,all查询
1857,filter操作
1858,聚合函数
1859,自定义中间件
1860,循环嵌套
1861,for循环语句
1862,冰雹数据
1863,strlen
1864,随机数产生
1865,博客列表查询
1866,多线程常用函数
1867,knn算法思想
1868,线性回归算法原理
1869,mse损失函数
1870,信息熵
1871,条件熵
1872,信息增益
1873,kmeans
1874,Django
1875,中间件练习
1876,缺失值识别
1877,扫描表
1878,pandas字符串操作
1879,Fancy Indexing
1880,数据框合并进阶
1881,Exception
1882,创建文件夹
1883,列出文件
1884,Python分支结构
1885,Python循环结构
1886,判断
1887,安装Scala
1888,Spark安装
1889,存储数据
1890,POI事件读取Excel内容
1891,Django视图与URL
1892,Seaborn 
1893,模板变量
1894,真值表
1895,Map集合的使用
1896,字符分割函数
1897,Python控制结构
1898,HTML
1899,超链接
1900,href属性
1901,target属性
1902,html 文本
1903,HTML表格处理
1904,<h1></h1>
1905,事件冒泡
1906,拖动事件
1907,键盘事件的处理
1908,鼠标事件
1909,文档加载事件
1910,setInterval和clearInterval的使用
1911,对话框
1912,定时器
1913,JS字符串的拼接
1914,JS取余
1915,Js条件运算符
1916,Js赋值运算符
1917,JS属性的检测
1918,JS属性的枚举
1919,JS属性的枚举性
1920,JS数组元素的增加
1921,JS数组元素的删除
1922,稀疏数组
1923,JS数组倒置
1924,JS数组合并
1925,JS数组内元素排序
1926,JS数组切片
1927,JSswitch语句
1928,JS严格相等
1929,用函数语句定义JS函数
1930,JavaScript函数的调用
1931,JS未定义实参的处理
1932,JavaScript参数对象
1933,JavaScript对象作为函数参数
1934,JS函数对象
1935,字符类
1936,正则表达式之选择
1937,正则表达式之转义
1938,正则表达式之分组
1939,正则表达式之引用
1940,正则表达式之匹配位置
1941,正则表达式修饰符
1942,取整函数
1943,四舍五入函数
1944,开方函数
1945,带量词
1946,通过name获取文档元素
1947,通过标签名获取文档元素
1948,属性值的获取
1949,getAttribute方法
1950,DOM创建节点
1951,DOM添加节点
1952,删除Element节点
1953,节点的替换
1954,字符串的分割
1955,JS构造函数
1956,JS原型
1957,JS对象的创建
1958,JS属性的设置
1959,JS删除对象的属性
1960,JS数组的创建
1961,JS数组的长度
1962,JS数组的读写
1963,JS数组遍历
1964,JS多维数组
1965,JS的if-else语句
1966,if-else匹配问题
1967,JavaScript匿名函数
1968,JavaScript用表达式定义函数
1969,indexOf()
1970,JavaScript字符串charAt()方法
1971,JS字符串截取
1972,正则表达式的定义
1973,字符串字面量
1974,字符串中正则表达式的使用
1975,JSON数组
1976,JSON字符串转换为对象
1977,JSON字符串转换为数组
1978,JSON数组转换为字符串
1979,JSON对象转换为字符串
1980,JS获取当前时间
1981,JS设置时间
1982,JS异常处理
1983,JS自定义异常
1984,通过id获取文档元素
1985,querySelector
1986,sdf
1987,JavaScript节点树
1988,JavaScript子节点
1989,DOM节点的操作
1990,注册事件处理程序
1991,表单事件
1992,location
1993,CSS字体
1994,CSS文本样式
1995,CSS字体大小
1996,CSS字体样式
1997,CSS文本
1998,文本修饰
1999,文本布局
2000,背景
2001,背景关联
2002,背景定位
2003,JSP基础
2004,表格
2005,id选择器
2006,html（）
2007,基本选择器
2008,过滤选择器
2009,设置css属性
2010,:eq选择器
2011,:not选择器
2012,层次选择器
2013,show() ，hide()
2014,"addClass() , removeClass()"
2015,键盘事件
2016,Jquery
2017,文件/窗口事件
2018,show()
2019,hide()
2020,toggle()
2021,fadeIn()和fadeOut()
2022,delay()
2023,fadeToggle()
2024,css伪类
2025,css伪元素
2026,类选择器
2027,元素选择器
2028,slideDown()
2029,slideUp()
2030,slideToggle()
2031,stop()
2032,html()
2033,text()
2034,attr()
2035,append()
2036,preend()
2037,before()
2038,after()
2039,remove()
2040,empty()
2041,children()
2042,find()
2043,siblings()
2044,next()
2045,prev()
2046,prevAll()
2047,nextAll()
2048,first()
2049,last()
2050,eq()
2051,filter()
2052,not()
2053,计算机基础
2054,版本控制
2055,协同开发
2056,Git提交暂存区
2057,协作开发
2058,软件开发基础
2059,版本标签
2060,远程分支合并
2061,Git之rebase
2062,Git储藏之保存
2063,Git储藏之应用
2064,人脸识别
2065,图像操作
2066,色彩空间
2067,harr
2068,人脸检测
2069,分类器
2070,绘制人脸区域
2071,音频文件剪辑
2072,使用Python与Redis交互
2073,使用Redis搭建文章投票系统
2074,字符串常用命令
2075,列表常用命令
2076,集合常用命令
2077,解决任务分配的队列问题
2078,Redis基本事务
2079,Redis键操作
2080,有序集合常用命令
2081,实现有优先级的队列系统
2082,哈希常用命令
2083,Redis事务支持
2084,非事务性流水线
2085,检测并绘制人脸区域
2086,使用Redis构建简易锁
2087,使用Redis构建计数信号量
2088,Dlib
2089,人脸特征
2090,训练人脸检测模型
2091,使用Redis完成会话管理
2092,使用Redis实现购物车
2093,使用Redis做页面缓存
2094,使用Redis做数据行缓存
2095,使用列表记录最新日志
2096,使用有序集合记录常见日志
2097,构建计数器
2098,使用计数器统计数据
2099,使用Redis实现搜索历史功能
2100,使用Redis实现自动补全功能
2101,使用Redis实现搜索预测功能
2102,使用Redis构建先进先出任务队列
2103,使用Redis构建定时任务队列
2104,使用集合构建反向索引
2105,人脸特征点模型
2106,实现解析检索式功能
2107,实现交/并/差集操作的封装
2108,使用Redis集合操作实现搜索功能
2109,使用Redis哈希记录用户信息和动态信息
2110,使用Redis有序集合记录关系信息
2111,实现用户主页信息流
2112,绘制人脸特征
2113,Linux系统目录结构
2114,Linux常用命令使用方法
2115,Linux文件操作
2116,Linux文件夹操作
2117,Linux 查询命令
2118,绘制人脸识别结果
2119,人脸特征点
2120,使用Redis构建超时限制锁
2121,循环控制
2122,DLib
2123,dlib
2124,人脸识别的基本原理
2125,Redis中的数据结构
2126,使用redis-cli交互
2127,使用Redis存储IP地址库
2128,使用高级有序集合查找功能
2129,使用Redis构建公平信号量
2130,使用Redis构建优先级任务队列
2131,表达式求值
2132,格式化字符串
2133,python基本学习
2134,高斯函数
2135,format格式化输出
2136,列表List
2137,遍历列表
2138,元素tuple
2139,MACHIN方法
2140,长整数
2141,列表
2142,线性回归分析
2143,线性回归正规方程解
2144,线性回归训练流程
2145,损失函数
2146,Pandas安装和使用
2147,Series对象
2148,DataFrame对象
2149,golang
2150,docker
2151,梯度下降
2152,学习率
2153,实现逻辑回归
2154,LogisticRegression
2155,T-SQL
2156,SQL Server
2157,创建数据库
2158,伪分布式集群搭建
2159,主键约束
2160,外键约束
2161,常用约束
2162, 初级SELECT查询
2163,带限制条件的查询
2164,表达式查询
2165,WHERE语句的使用
2166,通配符%的使用
2167,通配符_的使用
2168,通配符[]的使用
2169,print内置函数
2170,Python交互编程模式
2171,字符串拼接
2172,Python字符串
2173,元组
2174,字典
2175,字典遍历
2176,数据类型嵌套
2177,Python运算符
2178,Python逻辑运算
2179,python位运算
2180,成员运算符
2181,python成员函数
2182,综合
2183,顺序结构
2184,选择结构
2185,continue
2186,Python函数的参数
2187,Python将值作为返回值
2188,Python将函数作为返回值
2189,函数的正确调用
2190,函数与函数调用的基本关系和联系
2191,Lambda函数
2192,map()函数
2193,reduce()函数
2194,模块的引入和定义
2195,模块中的内置函数
2196,类
2197,类的属性
2198,静态方法
2199,类方法
2200,类的导入
2201,方法的重写
2202,AVG 函数的使用
2203,COUNT 函数的使用
2204,变量规则
2205,唯一的 URL 
2206,MAX 函数的使用
2207,MIN 函数的使用
2208,URL 构建
2209,HTTP 方法
2210,SUM()函数的使用
2211,JAVA类型转换
2212,取余运算符
2213,变量输出
2214,if 语句
2215,判断渲染
2216,分布式进程
2217,专用过滤器
2218,Linux创建用户
2219,Linux删除用户
2220,Linux 用户密码设置
2221,Linux 用户切换
2222,新建用户组
2223,删除用户组
2224,用户所属组变更
2225,Linux修改用户信息
2226,Linux修改用户组信息
2227,Linux创建文件
2228,Linux删除文件
2229,Linux创建目录
2230,Linux删除目录
2231,Linux文件拷贝
2232,Linux文件重命名
2233,Linux文件剪切
2234,Linux目录拷贝
2235,Linux目录重命名
2236,Linux目录剪切
2237,Linux cat命令用法
2238,Linux head命令用法
2239,Linux tail命令用法
2240,Linux ls命令用法
2241,Linux 文件所有者权限修改
2242,Linux 文件同组用户权限修改
2243,Linux 文件其他用户权限修改
2244,Linux　目录所有者权限修改
2245,Linux　目录同组用户权限修改
2246,Linux　目录其他用户权限修改
2247,Linux 文件所有者修改
2248,Linux 目录所有者修改
2249,Linux 文件所属组修改
2250,Linux 目录所属组修改
2251,df命令
2252,du命令
2253,Linux硬链接
2254,Linux软链接
2255,Linux设备挂载
2256,Linux设备卸载
2257,添加文件/目录隐藏属性
2258,删除文件/目录隐藏属性
2259,bunzip2解压命令
2260,gunzip解压命令
2261,unzip解压命令
2262,1位黑白BMP图像的读
2263,8位灰度BMP图像的读
2264,带 WHERE 子句的多表查询
2265,内连接查询
2266,外连接查询
2267,棒棒哒
2268,C语言编程
2269,分离数据库
2270,main数据库和temp数据库
2271,数据库连接和会话
2272,附加数据库
2273,SQL基本语法
2274,创建表
2275,重命名表
2276,JAVA
2277,导出表
2278,导入表
2279,并操作
2280,交操作
2281,差操作
2282,投影操作
2283,选择操作
2284,笛卡尔积
2285,补码
2286,原码
2287,连接操作
2288,简单select
2289,from子句
2290,where子句
2291,EM算法的单次迭代
2292,EM算法的主循环
2293,算术操作符
2294,关系操作符
2295,逻辑操作符
2296,LIKE单字符匹配
2297,LIKE多字符匹配
2298,LIKE否定匹配
2299,高斯混合聚类算法流程
2300,聚合
2301,分组
2302,过滤
2303,限定
2304,内连接
2305,读取文件
2306,外连接
2307,PCA
2308,MDS算法
2309,交叉连接
2310,表的关联
2311,MDS
2312,Isomap
2313,sklearn中的等度量映射
2314,使用别名
2315,自连接查询
2316,准确度
2317,准确度的陷阱与混淆矩阵
2318,子查询
2319,精准率与召回率
2320,计算`F1 Score`
2321,感知机算法
2322,sklearn中的感知机
2323,sklearn中的线性判别分析
2324,kNN算法
2325,复合查询
2326,StandardScaler
2327,Adaboost算法
2328,sklearn中的Adaboost
2329,图像分割
2330,GaussianMixture
2331,更新记录
2332,删除记录
2333,外部指标
2334,Jaccard Coefficient
2335,Fowlkes and Mallows Index
2336,Rand index
2337,内部指标
2338,Davies-Bouldin Index
2339,Dunn Index
2340,插入记录
2341,插入一行
2342,插入多行
2343,fowlkes_mallows_score
2344,adjusted_rand_score
2345,协方差矩阵
2346,特征值
2347,特征向量
2348,LLE算法
2349,sklearn中的局部线性嵌入
2350,人工智能
2351,盲目搜索
2352,宽度优先搜索
2353,代价一致性搜索
2354,缩进
2355,多行语句
2356,MinMax算法
2357,博弈决策
2358,标识符
2359,保留字
2360,注释
2361,输入
2362,格式化输出
2363,决策树
2364,分类预测
2365,（迭代加深）深度优先
2366,A*搜索
2367,8数码
2368,pyhton
2369,python 集合
2370,python字典
2371,霍夫曼编码
2372,信息压缩
2373,构造编码方案
2374,编码
2375,解码
2376,进程操作
2377,进程
2378,文件移动
2379,snownlp情感分析
2380,抽象类
2381,snownlp分词
2382,snownlp提取关键字
2383,基础习题
2384,图形用户界面编程
2385,图灵机
2386,zipfile
2387,<caption>
2388,RSA算法
2389,Huffman 编码
2390,text-align
2391,RSA解密
2392,RSA
2393,注释 
2394,启发式搜索
2395,A*算法
2396,四皇后问题
2397,Python数据分析
2398,P88计算机建模与模拟
2399,多表查询
2400,命题真假推断
2401,邮件收发
2402,urllib
2403,re
2404,TSP
2405,knn
2406,逻辑回归
2407,python数值计算
2408,RNN
2409,情感分析
2410,CNN
2411,手写数字
2412,图像分类
2413,集合类型操作基础
2414,字符串操作基础
2415,数据产生
2416,列表转元组
2417,Zip文件处理
2418,单词转元组
2419,list
2420,Stack
2421,cv2
2422,边缘检测
2423,Queue
2424,括号匹配
2425,神经风格迁移
2426,Linux高级编程
2427,文件权限管理
2428,C高级编程
2429,对抗生成网络
2430,逆波兰表达式
2431,Linux网络编程
2432,阻塞
2433,socket编程
2434,二叉树的后序遍历
2435,二叉树的层次遍历
2436,分类性能评价指标
2437,I/O多路复用
2438,验证评估
2439,Linux串口编程
2440,Linux I/O编程
2441,Linux 高级I/O编程
2442,构建网络模型
2443,私有成员
2444,数据初始化
2445,Linux信号处理
2446,实例方法
2447,特征图
2448,Linux定时器
2449,Linux多进程控制
2450,Linux fork
2451,Linux多进程
2452,Linux进程控制
2453,卷积核可视化
2454,嵌入式Linux应用
2455,Linux system运用
2456,Deep Dream
2457,Linux高级进程通信
2458,Linux管道通信
2459,Linux消息队列
2460,Linux时间编程
2461,Linux本地时间
2462,keras
2463,迁移学习
2464,嵌入式应用编程
2465,Linux时间转换
2466,判决书推荐
2467,Linux信号处理函数
2468,Makefile编写
2469,静态库制作
2470,Linux动态库编写
2471,Linux可执行文件编写
2472,Makefile高级应用
2473,数据可视化
2474,特征选择
2475,树木识别
2476,Linux Makfile进阶
2477,Linux依赖库
2478,Linux Makefile依赖库
2479,Linux Makefile动态库
2480,Liux混合依赖库
2481,Linux Makefile编程
2482,Python线程同步之Lock
2483,Python线程之Thread对象
2484,Python线程基础知识
2485,Python线程同步之Condition
2486,生产者-消费者问题
2487,正则
2488,创建 Variable
2489,Variable 的 data 属性
2490,Variable属性
2491,grad_fn属性
2492,梯度计算
2493,autograd.grad
2494,Pytorch模型结构
2495,线性模型创建
2496,模型相关函数及方法
2497,线性模型属性
2498,module.weight查询模块的权重
2499,module.bias查询模块的偏移量
2500,ReLU非线性模型
2501,Tanh非线性模型
2502,Sigmoid非线性模型
2503,Threshold非线性模型
2504,卷积的意义
2505,一维卷积
2506,二维卷积
2507,CrossEntropyLoss
2508,MSELoss
2509,L1Loss
2510,创建优化器
2511,单次优化
2512,查看优化器参数
2513,为每个参数单独设置选项
2514,SGD
2515,momentum
2516,卷积
2517,池化操作
2518,dropout与正则化
2519,Numpy迭代数组
2520,Numpy高级索引
2521,Numpy统计函数
2522,scikit-learn
2523,创建矩阵
2524,特征提取
2525,数据描述
2526,相关性
2527,数据分类
2528,svm
2529,pickle
2530,模型持久化存储
2531,OS
2532,Tkinter
2533,逻辑回归大致思想
2534,sigmoid
2535,二分类
2536,科学计算
2537,电子能级
2538,java变量与常量
2539,Scanner
2540,99乘法表
2541,循环综合练习
2542,找出质数
2543,final
2544,重写
2545,创建文件
2546,图片查看器
2547,复制文件
2548,集合整体框架
2549,词频
2550,分割
2551,Callable和Future
2552,包装
2553,对象的销毁
2554,写入文件
2555,简单输入输出
2556,namedtuple
2557,命名元组
2558,deque
2559,双向队列
2560,OrderedDict
2561,有序字典
2562,defaultdict
2563,默认字典
2564,python多进程
2565,python多线程
2566,ThreadLocal
2567,进程vs线程
2568,主键
2569,外键
2570,查看表结构
2571,修改表名
2572,添加字段
2573,删除字段
2574,修改字段的排列位置
2575,删除表的外键约束
2576,数据的更新
2577,SELECT的基本使用
2578,使用关键字 BETWEEN AND 查询
2579,素数筛法
2580,input函数
2581,eval函数
2582,Iterator
2583,生成器
2584,Generator
2585,列表生成式
2586,生成器表达式
2587,JSON
2588,XML
2589,SAX
2590,ElementTree
2591,HDFS设计
2592,HDFS常用命令
2593,wordCount
2594,查询空值
2595,去除重复结果
2596,多条件查询
2597,结果的排序
2598,分组查询
2599,LIMIT 查询
2600,COUNT( )函数
2601,SUM( )函数
2602,AVG( )函数
2603,MAX( )函数
2604,MIN( )函数 
2605,比较运算符的子查询
2606,group by
2607,having
2608,order by
2609,视图
2610,"type=""radio"""
2611,"type=""checkbox"""
2612,checked
2613,disabled
2614,"disabled=""disabled"""
2615,综合案例
2616,JavaScript基本输出方式
2617,JavaScript注释方式
2618,JavaScript简介
2619,HTML页面框架
2620,HTML调用JavaScript
2621,JavaScript变量申明
2622,JavaScript变量赋值
2623,JavaScript申明提前
2624,JavaScript全局变量与局部变量
2625,JavaScript基本数据类型
2626,JavaScript转义字符
2627,JavaScript对象的创建
2628,JS字符串转数字
2629,JS数字转字符串
2630,JS数字转布尔类型
2631,读取判决书数据
2632,提取关键词
2633,表格颜色
2634,表格大小
2635,ndarray
2636,Counter
2637,计数器
2638,窗口
2639,路径导航 
2640,Phoenix在Springboot应用
2641,python输入
2642,读文件
2643,写文件
2644,python库
2645,调用库
2646,文件读取写入
2647,Pandas
2648,Pandas分组聚合方法
2649,模型参数估计
2650,机器学习预测
2651,坐标点图像绘制
2652,基础绘图
2653,保存绘图
2654,数组计算
2655,向量化函数
2656,绘制多条曲线
2657,装饰曲线
2658,随机梯度下降法
2659,掌握变量保存
2660,掌握变量恢复
2661,乘法实现
2662,静态网页爬取
2663,反爬策略
2664,爬取与反爬取进阶
2665,数据集成
2666,欧几里得距离
2667,数据变换
2668,规范化
2669,最近邻计算
2670,数据规约
2671,计算聚类中心
2672,数据离散化
2673,分箱
2674,精度
2675,柱状图
2676,创建tensor
2677,tensor与ndarray的转换
2678,tensor初始化
2679,tensor类型
2680,张量加法计算
2681,张量数学运算
2682,张量转置
2683,张量扩充
2684,计算梯度
2685,Variable 求导
2686,梯度置零
2687,池化意义
2688,最大池化
2689,平均池化
2690,InstanceNorm
2691,BatchNorm
2692,正则化
2693,正则化意义
2694,余弦相似度
2695,范数距离
2696,距离函数及其意义
2697,优化器的比较
2698,结果可视化
2699,loss 计算
2700,Adam 优点
2701,比较优化器效果
2702,循环和递归
2703,递归算法
2704,循环算法
2705,热图
2706,文本可视化
2707,美化
2708,数据读取、过滤
2709,编程小能手
2710,回归进阶
2711,神经网络回归
2712,K近邻进阶
2713,字符串的大小写转换
2714,异常
2715,math库使用
2716,穷举法
2717,二分搜索
2718,牛顿法求根
2719,信息数字化
2720,JS while循环
2721,JS do whle循环
2722,JS for循环
2723,JS break的使用
2724,JavaScript continue的使用
2725,TOY计算机面向对象建模与模拟
2726,文件读取
2727,迭代法
2728,文件上传
2729,Flask操作Cookie
2730,flask操作session
2731,Request请求对象
2732,请求对象参数获取
2733,图像加解密
2734,圈出人像轮廓
2735,证件照处理
2736,PIL操作像素
2737,RGB模型与RGA模型区别
2738,初始化数据
2739,Dataloader
2740,数据下载与转换格式
2741,建立线性模型
2742,优化函数
2743,优化
2744,模型训练
2745,测试
2746,模型拟合
2747,内置函数
2748,函数导入
2749,函数返回值
2750,lambda 表达式
2751,关键字参数
2752,变长参数
2753,sum函数
2754,生成器与 yield
2755,断言
2756,绘制柱状图
2757,绘制堆积柱状图
2758,绘制饼图
2759,绘制多幅子图
2760,Python 地图绘制
2761,消元法求解二元线性方程组
2762,函数值填充列表
2763,无向完全图
2764,蛮力法
2765,分治法
2766,对象做函数形参
2767,网站爬取策略
2768,拼接图像
2769,Tensor变量
2770,斐波那契数列计算
2771,pthread
2772,JavaAPI上传数据
2773,获取数据
2774,哈希
2775,Python绘制柱状图
2776,无递推公式的递推
2777,缓存与批量处理
2778,PIL
2779,单纯性算法
2780,多周期MIPS CPU设计(硬布线)
2781,plot_surface()
2782,三维图形
2783,数据库设计
2784,Flask安装
2785,Flask 应用
2786,软间隔
2787,线性支持向量机
2788,LinearSVC
2789,BPSK误码率计算
2790,BPSK调制解调原理
2791,BPSK调制与解调原理仿真
2792,python-docx库使用
2793,python文档处理
2794,Spark GraphX 定义图结构
2795,Spark 
2796,spark-submit提交
2797,GraphX
2798,JSP实现用户信息列表展示功能
2799,JSP实现用户信息的查询与显示
2800,JSP实现添加用户的功能
2801,JSP实现用户管理功能之用户删除
2802,信道编码
2803,Matlab
2804,pymsql
2805,json数据爬取
2806,json数据解析
2807,保存值
2808,变量
2809,变量名
2810,更新变量
2811,整型和浮点型
2812,转义字符
2813,快捷语法
2814,绘制数据图
2815,信息增益率
2816,基尼系数
2817,DecisionTreeClassifier
2818, Face Recognition
2819,可控加减法电路
2820,原码一位乘法器设计
2821,存储扩展
2822,寄存器文件
2823,MIPS RAM
2824,4路组相连cache设计
2825,单周期CPU设计
2826,微程序地址转移逻辑
2827,微程序CPU设计
2828,硬布线控制器FSM设计
2829,Python检索列表多个值
2830,Python二维列表
2831, Python for循环的应用
2832,Python重复的操作
2833,Python for 循环
2834,Python append() 函数
2835,Python字典
2836,创建函数
2837,debug
2838,数据的更改
2839,类的实例化
2840,理解‘self’
2841,创建带参数的方法
2842,属性及init函数
2843,创建和更新属性
2844,类或对象
2845,OOP简介
2846,C++顺序栈的实现
2847,线性判别分析
2848,OvO
2849,OvR
2850,算子概述
2851,修改数据库
2852,读取数据集
2853,NumPy介绍
2854,纽约Taxi-Airport数据
2855,array shape
2856,套接字
2857,建立连接
2858,获取连接请求
2859,响应请求
2860,发送文件
2861,创建UDP套接字
2862,接收消息
2863,发送消息
2864,随机丢包
2865,设置套接字超时时间
2866,UDP发送
2867,UDP接收
2868,原始套接字
2869,封装ICMP报文
2870,解析ICMP
2871,Vector Math 2
2872,计算一维ndarray的统计量 1
2873,日期时间函数
2874,自定义函数
2875,狄默根律
2876,运算规律
2877,集合运算
2878,sympy
2879,容斥原则
2880,埃拉托斯特尼筛法
2881,错排
2882,欧拉phi函数
2883,命题函数
2884,等值演算
2885,等值公式
2886,谓词逻辑
2887,合式公式
2888,基本逻辑运算
2889,随机试验
2890,随机事件的概率
2891,概率分布
2892,期望
2893,方差
2894,组合索引
2895,mysql
2896,图的度
2897,度与边的关系
2898,关联矩阵
2899,表锁
2900,行转列
2901,添加数据
2902,删除数据
2903,修改操作
2904,数据库基础概念
2905,ORM基础概念
2906,Flask数据库开发
2907,Flask查询表数据
2908,过滤查询
2909,单条数据添加方式
2910,多条数据添加方式
2911,删除操作
2912,批量删除操作
2913,app数据分析
2914,打开文件并探索数据
2915,错误数据的删除
2916,重复数据删除1
2917,重复数据删除2
2918,寻找最常见任务1
2919,最常见的应用选择2
2920,C自定义函数
2921,C 单字符输入/输出
2922,cmake
2923,手工词法分析
2924,分片
2925,发展阶段
2926,Postgre SQL
2927,数据量
2928,关闭文件
2929,打开文件
2930,输出文件流
2931,输入文件流
2932,文本文件操作
2933,二进制文件操作
2934,安装和启PostgreSQL
2935,PostgreSQL交互
2936,修饰符类型
2937,SQL注释
2938,SQL语句类型
2939,创建和修改数据库
2940,数据类型
2941,约束
2942,插入数据
2943,更新数据
2944,并交叉
2945,投影
2946,公有继承
2947,连接
2948,派生类
2949,基类
2950,Java命名风格
2951,存取函数
2952,Google C++命名风格
2953,构造函数重载
2954,类外定义成员函数
2955,类对象作为函数返回值
2956,传递指针给函数
2957,指针的算术运算
2958,JSON对象
2959,列表推导式
2960,小球自由落体运动
2961,删除链表结点
2962,链表检索
2963,线性表的操作
2964,动态内存
2965,链表长度
2966,链表头部插入
2967,队列的操作
2968,集合的操作
2969,栈的操作
2970,函数声明与定义
2971,函数重载
2972,头文件与源文件
2973,SELECT子句
2974,子句和关系操作
2975,定义类
2976,创建类中的方法
2977,断言和操作符
2978,自然连接
2979,索引的类型
2980,用户 角色
2981,备份
2982,恢复
2983,JDBC连接数据库参数
2984,JDBC驱动确认方法
2985,JDBC数据库查询
2986,对象
2987,setprecision
2988,静态成员
2989,对象数组
2990,保护继承
2991,私有继承
2992,Markdown
2993,绝对路径和相对路径
2994,c 标准输入/输出
2995,实践
2996,多态性
2997,虚析构函数
2998,转换构造函数
2999,友元类
3000,设置属性
3001,setAttribute方法的使用
3002,大小比较
3003,选取最大数
3004,运算符函数
3005,进阶
3006,命题逻辑公式语法
3007,命题逻辑公式语义
3008,Index对象
3009,if-else型条件语句
3010,switch型条件语句
3011,创建Append方法
3012,拆弹小白
3013,找规律
3014,跳转表
3015,解题大神
3016,存储过程创建
3017,存储过程使用
3018,SQL Server存储过程
3019,gdb调试
3020,文本向量化
3021,平滑
3022,问题介绍
3023,类的继承与多态
3024,datatime模块
3025,datatime类
3026,使用Strftime格式化日期
3027,时间对象的比较
3028,2ASK信号的解调
3029,使用Strptime解析字符串
3030,2ASK信号的调制
3031,LFM信号的频谱分析
3032,多相滤波
3033,伪分布式
3034,流操纵算子
3035,字符型
3036,数据修改
3037,立体几何计算题
3038,重复数据
3039,三人表决器
3040,用宏定义常量
3041,K 近邻算法进行多分类
3042,译码器
3043,阵列乘法
3044,sqrt平方根运算
3045,Series数据选择
3046,DataFrame数据选择方法
3047,Time类
3048,计算会议长度
3049,对日期和时间进行计算
3050,理解向量化
3051,ndarray的行列的提取
3052,ndarray的列提取以及自定义切片
3053,Vector Math 1
3054,计算二维ndarrays的统计量
3055,HDFS删除文件夹
3056,随机
3057,高斯分布
3058,随机种子
3059,Pandas缺失值处理
3060,Hive数据类型与转换
3061,switch case条件语句
3062,整合排序
3063,集合关系
3064,笛卡儿积
3065,行锁
3066,商场优惠活动购买家用电器
3067,Dataframe
3068,dataframe
3069,value_counts()
3070,按标签从series中选择项
3071,总的挑战
3072,抓取分组
3073,筛选分组
3074,nslookup
3075,数据简介
3076,向量化操作
3077, Series描述方法
3078, Method Chaining
3079,Series数据统计方法
3080,Dataframe统计方法
3081,Dataframe描述方法
3082,pandas赋值
3083,使用pandas对象的布尔索引
3084,使用布尔数组赋值
3085,创建新列
3086,访问网页DNS分析
3087,Js比较运算符
3088,Js逻辑运算符
3089,vi/vim启动
3090,vi/vim退出
3091,keras_CNN_mnist
3092,Js运算符优先级
3093,Js运算符结合性
3094,计算一维ndarrays的统计数据 2
3095,vi/vim搜索替换
3096,vi/vim底行模式下执行命令
3097,标记
3098,JavaScript for in循环
3099,C语言调试
3100,查看分组信息
3101,查看头部字段信息
3102,L2正则化
3103,函数求表达式
3104,亲密数
3105,分页
3106,加载模型
3107,x86-64汇编
3108,spark sql
3109,查询操作
3110,实践能手
3111,标注人像轮廓
3112,人脸性别识别
3113,RGB与HSI空间的相互转换
3114,MySQL索引
3115,MySQL数据完整性
3116,字符串统计
3117,数组元素遍历
3118,表和视图
3119,生成典型随机信号
3120,选择法排序
3121,结构数组
3122,c++ 循环语句
3123,数组作为参数
3124,初始化数组
3125,大整数表示
3126,分类
3127,字符
3128,MIPS运算器
3129,产品信息格式化
3130,操作Jupyter
3131,factorplot
3132,6位十进制计数器
3133,移位寄存器
3134,寄存器
3135,animate
3136,行列式求解二元线性方程组
3137,用python进行任意多个未知数的方程组求解
3138,枚举
3139,递推
3140,编译Keras模型
3141,求3个数的最大值
3142,创建拓扑图
3143,IP配置
3144,连通测试
3145,路由拓扑图
3146,动态路由拓扑
3147,搭建拓扑图
3148,平均租赁数量的可视化功能
3149,特征工程
3150,sklearn机器学习
3151,流量最高
3152,路程图
3153,Excel数据存储HBase
3154,基础语法
3155,Phoenix 安装
3156,MATLAB
3157,Seaborn
3158,DBSCAN算法流程
3159,sklearn中的DBSCAN
3160,Thymeleaf 
3161,视图创建
3162,连接数据库
3163,创建数据库实例
3164,创建数据表
3165,插入操作
3166,数据查询
3167,数据插入
3168,查询
3169,Python正则表达式
3170,正则表达式替换
3171,正则表达式编译
3172,掌握正则表达式编译
3173,正则表达式练习
3174,html标签理解
3175,正则解析
3176,HTTP请求应答
3177,条件请求与应答分析
3178,长文件处理
3179,嵌入对象网页
3180,加密网页
3181,初级LSTM
3182,LSTM原理
3183,初级RNN
3184,神经网络入门
3185,进阶RNN
3186,构建堆叠RNN
3187,Scrapy爬虫
3188,jupyter notebook
3189,Matplotlib 
3190,Matplotlib
3191,感知机算法流程
3192,下载数据集
3193,初始化参数
3194,前馈神经网络
3195,交叉熵函数
3196,SGD优化
3197,交叉熵损失函数
3198,Adam 优化函数
3199,查看正确率
3200,TensorFlow：relu
3201,手动构建简单的神经网络
3202,神经元
3203,神经网络
3204,TensorFlow：激活函数
3205,TensorFlow：tanh
3206,os.walk()
3207,os.path.join()
3208,cv2.imread()
3209,cv2.resize()
3210,cv2.imwrite()
3211,cv2.warpAffine()
3212,cv2.flip()
3213,np.random.shuffle()
3214,简单的列表切片
3215,AlexNet
3216,numpy数组按轴运算
3217,VGGNet
3218,InceptionNet
3219,ResNet Block
3220,可视化折线图
3221,np.exp()
3222,np.arange()
3223,np.ndarray.argmax()
3224,TF模型的保存和加载
3225,read
3226,Tokenize
3227,Git
3228,爬虫中级
3229,QPSK 信号调制
3230,AlphaBeta剪枝
3231,团队协作
3232,查询数据
3233,webclient
3234,gcd
3235,lcm
3236,MyBatis-XML
3237,Pandas通用函数
3238,栈基本操作
3239,字符串括号匹配判定
3240,回文串判定
3241,metrics
3242,模型评估
3243,数据删除
3244,二维图形绘图
3245,三维图形绘图
3246,隐函数绘图
3247,空间想象能力
3248,自然数系统
3249,加减法
3250,乘除法
3251,TOY计算机建模与模拟
3252,Servlet借助JDBC获取用户购物车商品内容
3253,Servlet借助JDBC对数据库表表进行操作。
3254,Servlet借助JDBC在表中存储用户订单信息
3255,Servlet借助JDBC从表中查询订单信息
3256,Servlet借助JDBC从数据库中获取商品列表
3257,Servlet借助JDBC从数据库中获取商品详情
3258,Servlet借助JDBC从表中获取销量信息
3259,javabean
3260,逻辑回归的损失函数
3261,Hive抽样查询
3262,mp3拼接
3263,parent()
3264,parents()
3265,向量
3266,读取数据
3267,观察数据
3268,查看数据分布
3269,函数闭包
3270,加减法运算器
3271,RMSprop
3272,优化步骤
3273,AdaGrad
3274,reshape
3275,resize
3276,自动推算
